,player_id,age,player_height,player_weight,college,country,gp,pts,reb,ast,net_rating,oreb_pct,dreb_pct,usg_pct,ts_pct,ast_pct
0,1,37.0,205.74,104.32616,Texas Christian,USA,70,3.0,4.2,0.7,-5.2,0.084,0.237,0.114,0.489,0.069
1,2,33.0,160.02,63.956472,Wake Forest,USA,61,5.7,2.2,5.4,-8.4,0.02,0.07400000000000001,0.129,0.4920000000000001,0.344
2,3,27.0,193.04,95.25431999999999,Indiana,USA,36,18.8,5.6,5.2,5.6,0.018000000000000002,0.154,0.278,0.519,0.25
3,4,21.0,195.58,99.79024,Cincinnati,USA,42,2.5,1.3,1.1,-4.2,0.03,0.115,0.171,0.4,0.174
4,5,23.0,215.9,122.46984,None,USA,26,3.3,3.4,0.3,-7.8,0.069,0.221,0.112,0.551,0.037000000000000005
5,6,23.0,187.96,85.275296,West Florida,USA,8,1.5,1.5,2.9,-30.5,0.038,0.105,0.149,0.248,0.418
6,7,26.0,190.5,91.171992,Detroit Mercy,USA,74,12.4,2.5,2.0,-1.2,0.019,0.091,0.238,0.4920000000000001,0.124
7,8,27.0,200.66,99.79024,Southern California,USA,74,27.3,5.2,3.9,3.3,0.03,0.134,0.342,0.552,0.204
8,9,32.0,210.82,113.398,Auburn,Ireland,42,3.4,1.7,0.4,-4.9,0.067,0.147,0.213,0.517,0.071
9,10,28.0,208.28,117.93392,Washington State,Australia,70,6.6,4.5,0.5,6.8,0.114,0.206,0.17600000000000002,0.618,0.049
10,11,24.0,198.12,101.151016,San Jose State,France,49,9.3,3.8,1.0,-2.7,0.062,0.098,0.188,0.486,0.062
11,12,23.0,193.04,90.7184,Duke,USA,67,8.9,1.9,1.5,-2.1,0.016,0.08,0.195,0.523,0.116
12,13,22.0,203.2,109.31567199999999,Arizona,USA,78,12.0,5.5,0.6,-5.3,0.056,0.205,0.237,0.515,0.044
13,14,25.0,210.82,104.32616,None,Serbia and Montenegro,61,3.3,1.8,0.3,-11.5,0.081,0.187,0.222,0.472,0.069
14,15,33.0,193.04,98.883056,Villanova,USA,69,5.2,2.2,2.0,-7.0,0.006999999999999999,0.124,0.145,0.506,0.153
15,16,21.0,203.2,97.52228,Louisiana State,USA,74,6.8,4.6,1.2,-1.3,0.086,0.212,0.198,0.486,0.11
16,17,29.0,187.96,86.18248,New Mexico State,USA,72,4.7,1.5,1.8,10.4,0.037000000000000005,0.079,0.17800000000000002,0.461,0.17800000000000002
17,18,28.0,175.26,83.91452,Washington,USA,76,28.9,2.7,5.9,5.0,0.019,0.07,0.337,0.625,0.305
18,19,36.0,208.28,99.79024,None,Turkey,62,3.7,1.6,0.6,0.1,0.008,0.152,0.146,0.602,0.08
19,20,33.0,200.66,96.161504,Creighton,USA,71,12.0,4.0,2.9,2.9,0.011,0.124,0.141,0.653,0.127
20,21,28.0,185.42,77.11064,None,USA,14,5.2,2.2,3.1,-13.1,0.022,0.131,0.191,0.478,0.331
21,22,40.0,213.36,111.13004,None,Germany,77,12.0,5.7,1.6,-2.0,0.012,0.227,0.199,0.575,0.098
22,23,29.0,200.66,88.45044,Louisville,Dominican Republic,58,9.7,2.3,1.2,-5.6,0.019,0.093,0.172,0.551,0.079
23,24,27.0,182.88,80.73937600000002,Xavier,USA,12,0.7,0.6,1.1,9.6,0.0,0.159,0.16899999999999998,0.28800000000000003,0.394
24,25,28.0,185.42,92.98636,North Carolina,USA,60,11.4,2.5,6.5,4.1,0.016,0.076,0.21,0.491,0.32
25,26,26.0,208.28,113.398,Kansas,USA,69,12.0,8.6,1.2,-2.2,0.092,0.23,0.203,0.495,0.062
26,27,29.0,193.04,96.615096,Villanova,USA,82,10.8,1.5,2.0,-2.8,0.009000000000000001,0.058,0.185,0.55,0.116
27,28,31.0,195.58,88.45044,Villanova,USA,1,1.0,3.0,0.0,-24.3,0.0,0.333,0.16899999999999998,0.129,0.0
28,29,22.0,193.04,90.7184,Kentucky,USA,53,3.6,0.9,0.8,-0.6,0.013,0.069,0.134,0.5429999999999999,0.093
29,30,23.0,205.74,108.86208,Xavier,USA,71,3.8,4.2,0.8,-5.1,0.135,0.242,0.151,0.519,0.12
30,31,27.0,195.58,86.18248,Arizona,USA,4,10.8,3.0,2.3,-4.8,0.023,0.092,0.193,0.425,0.113
31,32,21.0,198.12,95.25431999999999,Kentucky,USA,54,24.9,4.5,4.7,-9.3,0.013,0.112,0.301,0.561,0.233
32,33,23.0,203.2,102.0582,North Carolina,USA,82,10.1,5.5,1.4,12.6,0.056,0.151,0.149,0.573,0.068
33,34,26.0,200.66,92.98636,Memphis,USA,68,4.7,2.0,0.5,-4.5,0.033,0.14800000000000002,0.17800000000000002,0.515,0.07
34,35,30.0,205.74,99.79024,Iowa,USA,68,1.3,1.3,0.4,-5.0,0.054000000000000006,0.101,0.106,0.338,0.062
35,36,25.0,205.74,99.79024,Duke,United Kingdom,70,17.6,7.3,2.0,0.9,0.056,0.156,0.217,0.531,0.08800000000000001
36,37,30.0,210.82,113.398,Oklahoma,USA,11,2.2,2.5,0.1,-18.7,0.112,0.232,0.135,0.478,0.018000000000000002
37,38,31.0,210.82,120.20188,Mississippi State,USA,76,7.1,7.4,0.6,11.5,0.14400000000000002,0.212,0.129,0.642,0.034
38,39,28.0,182.88,83.007336,Texas,USA,62,7.5,1.5,3.2,-1.4,0.008,0.081,0.183,0.575,0.257
39,40,27.0,213.36,114.758776,North Carolina,USA,51,3.5,2.4,0.8,0.2,0.08800000000000001,0.16699999999999998,0.16399999999999998,0.508,0.125
40,41,23.0,213.36,113.398,Bradley,USA,39,2.6,1.7,0.3,-0.8,0.057,0.217,0.196,0.544,0.07200000000000001
41,42,32.0,195.58,94.800728,Temple,USA,68,2.2,2.5,1.5,0.2,0.019,0.155,0.07,0.51,0.135
42,43,26.0,187.96,86.18248,Florida State,USA,79,5.2,2.8,4.1,4.0,0.031,0.116,0.14,0.522,0.282
43,44,26.0,195.58,92.98636,Georgia,USA,82,11.4,2.9,1.3,-3.7,0.022,0.08800000000000001,0.175,0.568,0.077
44,45,24.0,205.74,95.25431999999999,Maryland,USA,35,1.0,0.5,0.3,-11.5,0.024,0.078,0.139,0.35200000000000004,0.099
45,46,25.0,208.28,108.86208,Duke,USA,10,1.8,1.8,0.0,-43.7,0.28600000000000003,0.364,0.241,0.61,0.0
46,47,32.0,203.2,99.79024,Michigan,USA,27,17.5,3.7,2.6,4.2,0.011,0.108,0.224,0.542,0.118
47,48,23.0,198.12,102.0582,Rice,USA,9,1.4,0.2,0.3,-18.3,0.0,0.069,0.22,0.368,0.13
48,49,32.0,203.2,97.52228,Butler Community College,USA,81,20.6,5.0,3.7,1.4,0.031,0.121,0.275,0.518,0.17
49,50,24.0,195.58,98.883056,Jackson State,USA,4,1.0,0.3,0.0,-33.6,0.0,0.111,0.253,0.29600000000000004,0.0
50,51,23.0,208.28,113.398,Cal State-Fullerton,Senegal,27,2.3,2.1,0.1,0.3,0.084,0.193,0.146,0.444,0.012
51,52,33.0,185.42,83.91452,Arkansas,USA,32,6.5,1.1,2.1,-8.6,0.025,0.066,0.24,0.475,0.233
52,53,27.0,193.04,94.800728,Louisiana State,USA,13,3.2,1.9,2.0,14.3,0.06,0.105,0.159,0.348,0.205
53,54,30.0,182.88,88.45044,Texas-El Paso,USA,81,20.3,3.4,8.6,8.9,0.018000000000000002,0.083,0.264,0.532,0.404
54,55,24.0,185.42,80.28578399999998,St. John's (NY),USA,19,3.1,0.9,1.8,1.2,0.026,0.067,0.175,0.401,0.238
55,56,27.0,195.58,88.45044,None,Italy,73,9.6,1.9,2.0,-1.6,0.008,0.077,0.189,0.513,0.132
56,57,31.0,210.82,117.93392,Kansas,Russia,25,0.9,1.0,0.1,-3.2,0.14300000000000002,0.154,0.134,0.527,0.052000000000000005
57,58,23.0,198.12,99.79024,None,USA,81,15.2,3.7,2.8,7.6,0.023,0.128,0.238,0.5760000000000001,0.172
58,59,25.0,198.12,101.151016,San Jose State,France,61,11.4,4.8,1.6,-1.6,0.067,0.126,0.218,0.477,0.098
59,60,31.0,187.96,83.91452,None,France,66,20.3,3.0,7.6,10.7,0.01,0.091,0.28,0.588,0.396
60,61,23.0,198.12,101.151016,California,USA,50,20.4,6.4,2.2,6.5,0.031,0.14800000000000002,0.245,0.589,0.1
61,62,32.0,190.5,81.64656,Syracuse,USA,5,0.4,0.4,1.2,15.8,0.0,0.08,0.107,0.5,0.353
62,63,24.0,198.12,95.707912,Washington,USA,78,22.6,4.7,5.1,8.9,0.044,0.115,0.274,0.573,0.243
63,64,22.0,203.2,108.86208,Louisville,USA,39,3.6,1.7,0.4,5.0,0.076,0.108,0.14400000000000002,0.635,0.067
64,65,36.0,198.12,92.98636,Pepperdine,USA,7,3.7,1.9,2.0,-0.1,0.012,0.073,0.095,0.416,0.115
65,66,26.0,193.04,87.543256,Oklahoma State,USA,67,6.6,1.4,2.7,-6.2,0.019,0.087,0.214,0.526,0.277
66,67,22.0,195.58,95.25431999999999,None,Congo,44,6.9,2.8,0.8,-10.4,0.031,0.121,0.173,0.476,0.061
67,68,23.0,198.12,102.0582,Nevada-Las Vegas,USA,50,10.1,3.5,1.6,-6.4,0.049,0.115,0.183,0.5429999999999999,0.109
68,69,26.0,200.66,117.93392,Cincinnati,USA,78,5.8,4.2,0.3,-4.4,0.14,0.136,0.145,0.58,0.028
69,70,27.0,195.58,99.79024,Morehouse,USA,27,6.1,1.9,0.7,-9.4,0.08900000000000001,0.092,0.204,0.591,0.105
70,71,28.0,205.74,117.93392,Louisville,USA,33,3.2,3.4,0.2,-3.1,0.112,0.184,0.15,0.444,0.029
71,72,23.0,203.2,97.52228,Miami (FL),USA,6,1.2,0.3,0.0,-10.0,0.0,0.095,0.194,0.354,0.0
72,73,27.0,200.66,97.52228,Wisconsin,USA,82,22.6,6.3,5.3,0.0,0.038,0.121,0.252,0.522,0.213
73,74,34.0,193.04,94.347136,Missouri,USA,75,5.7,2.0,1.6,4.9,0.025,0.095,0.147,0.575,0.139
74,75,23.0,200.66,99.79024,Texas,USA,60,6.7,3.2,0.9,-4.0,0.033,0.16399999999999998,0.188,0.507,0.084
75,76,25.0,185.42,83.91452,Ohio State,USA,80,14.6,2.8,6.1,9.0,0.018000000000000002,0.079,0.209,0.5489999999999999,0.287
76,77,25.0,203.2,99.336648,Creighton,USA,66,9.0,2.7,0.9,-3.1,0.015,0.117,0.165,0.5539999999999999,0.06
77,78,26.0,182.88,86.18248,Weber State,USA,73,3.7,1.5,1.1,-4.3,0.02,0.117,0.16399999999999998,0.484,0.161
78,79,37.0,180.34,81.64656,Southern,USA,68,7.9,1.0,4.2,-7.1,0.012,0.047,0.197,0.531,0.35600000000000004
79,80,24.0,187.96,87.089664,Kentucky,USA,77,10.1,2.2,2.2,-9.3,0.024,0.086,0.254,0.452,0.194
80,81,24.0,187.96,88.45044,Washington,USA,7,0.0,1.0,1.3,-10.8,0.065,0.085,0.061,0.0,0.3
81,82,26.0,193.04,82.553744,Indiana,USA,28,3.3,0.5,0.4,3.6,0.013,0.063,0.245,0.476,0.1
82,83,23.0,208.28,129.27372,Massachusetts,USA,22,1.5,1.5,0.0,-27.2,0.08900000000000001,0.208,0.152,0.456,0.015
83,84,22.0,208.28,111.13004,Georgia,USA,24,2.4,1.0,0.1,-28.3,0.038,0.206,0.261,0.445,0.05
84,85,34.0,208.28,111.583632,Providence,USA,79,13.1,7.9,1.7,6.2,0.108,0.182,0.2,0.563,0.08900000000000001
85,86,25.0,201.0,111.0,Connecticut,USA,23,2.5,2.5,0.4,-1.3,0.133,0.206,0.163,0.457,0.075
86,87,25.0,200.66,97.52228,Washington State,USA,77,21.7,3.2,2.9,15.8,0.012,0.092,0.275,0.591,0.13699999999999998
87,88,28.0,195.58,95.25431999999999,Gonzaga,USA,33,3.3,1.0,0.6,-3.8,0.01,0.106,0.15,0.517,0.097
88,89,29.0,190.5,86.18248,Arizona,USA,3,0.3,0.0,1.3,-29.6,0.0,0.0,0.228,0.129,0.667
89,90,28.0,193.04,86.18248,Kansas,USA,38,2.1,0.6,0.9,-9.9,0.025,0.085,0.17,0.612,0.25
90,91,32.0,203.2,108.86208,Wake Forest,USA,55,7.8,3.2,2.5,-4.6,0.018000000000000002,0.123,0.177,0.522,0.16699999999999998
91,92,30.0,190.5,90.7184,Connecticut,USA,75,11.2,1.7,1.9,-15.4,0.013,0.087,0.276,0.515,0.18
92,93,21.0,208.28,111.13004,None,USA,55,20.6,9.0,1.4,-2.8,0.08800000000000001,0.188,0.274,0.536,0.07
93,94,31.0,185.42,83.91452,Minnesota,USA,50,13.8,3.5,2.1,4.7,0.052000000000000005,0.111,0.265,0.5379999999999999,0.171
94,95,35.0,208.28,115.66596,Connecticut,USA,26,4.4,4.6,0.3,0.3,0.12,0.175,0.133,0.545,0.028
95,96,26.0,205.74,108.86208,North Carolina State,USA,60,4.2,2.9,0.5,-9.2,0.115,0.16899999999999998,0.194,0.479,0.06
96,97,23.0,190.5,83.91452,Arkansas,USA,8,3.6,1.5,0.9,-2.1,0.019,0.099,0.16699999999999998,0.482,0.123
97,98,24.0,198.12,95.707912,Maryland,Venezuela,70,3.6,1.0,2.2,-6.1,0.017,0.094,0.17,0.493,0.266
98,99,29.0,210.82,111.13004,Arizona,USA,64,10.5,5.9,1.4,4.3,0.051,0.2,0.195,0.519,0.077
99,100,35.0,210.82,106.59412,Massachusetts,USA,62,10.3,11.1,2.0,-5.3,0.094,0.32,0.158,0.556,0.107
100,101,22.0,205.74,103.418976,None,Latvia,39,4.2,2.5,0.8,-2.3,0.032,0.132,0.145,0.5539999999999999,0.095
101,102,29.0,190.5,86.18248,Virginia Tech,USA,54,6.3,1.9,3.0,-4.5,0.009000000000000001,0.09,0.166,0.519,0.244
102,103,28.0,220.98,117.93392,None,Lithuania,81,17.2,7.5,1.6,-7.9,0.108,0.172,0.279,0.516,0.101
103,104,39.0,190.5,83.91452,None,Argentina,59,2.5,1.9,2.2,-2.7,0.05,0.103,0.112,0.482,0.235
104,105,32.0,195.58,97.52228,Kentucky,USA,5,4.2,2.2,0.6,-19.7,0.059,0.081,0.135,0.453,0.058
105,106,30.0,182.88,86.18248,Weber State,USA,6,2.3,0.7,1.8,-21.1,0.0,0.154,0.131,0.778,0.44
106,107,31.0,200.66,97.975872,Arizona,USA,15,12.0,6.2,1.2,-4.3,0.049,0.147,0.195,0.435,0.061
107,108,22.0,190.5,94.800728,None,USA,14,1.4,0.9,0.1,-3.5,0.023,0.157,0.124,0.448,0.032
108,109,29.0,208.28,113.398,Kentucky,USA,51,5.6,4.5,0.2,0.1,0.134,0.207,0.184,0.5539999999999999,0.02
109,110,35.0,203.2,99.79024,Houston,USA,32,2.3,2.4,0.4,-0.8,0.11,0.14800000000000002,0.106,0.61,0.065
110,111,25.0,205.74,104.32616,Mississippi State,USA,13,0.6,0.7,0.2,-16.3,0.043,0.14300000000000002,0.133,0.457,0.107
111,112,24.0,208.28,111.13004,None,Democratic Republic of the Congo,81,15.1,8.8,1.0,7.4,0.1,0.191,0.196,0.5760000000000001,0.051
112,113,21.0,215.9,101.151016,None,South Sudan,74,4.8,3.0,0.6,-5.0,0.064,0.13,0.147,0.499,0.055
113,114,26.0,213.36,118.38751200000002,Purdue,USA,76,13.6,8.2,2.0,-5.3,0.128,0.193,0.204,0.5720000000000001,0.124
114,115,32.0,208.28,113.398,Kentucky,USA,58,7.9,5.2,0.5,-0.8,0.138,0.238,0.21,0.578,0.049
115,116,26.0,213.36,119.748288,Arizona,USA,4,0.8,1.0,0.3,-47.4,0.059,0.214,0.134,0.387,0.125
116,117,26.0,198.12,84.821704,None,Russia,42,10.3,2.4,2.5,-8.5,0.031,0.111,0.258,0.541,0.26
117,118,29.0,198.12,90.7184,Texas-El Paso,USA,23,0.8,1.3,1.1,9.3,0.005,0.153,0.051,0.684,0.187
118,119,27.0,195.58,96.161504,Virginia,USA,80,9.1,1.6,1.7,-1.7,0.012,0.081,0.19,0.573,0.133
119,120,33.0,210.82,111.13004,North Carolina State,USA,32,3.3,4.0,0.4,-5.4,0.142,0.264,0.16899999999999998,0.521,0.07
120,121,22.0,208.28,108.408488,Louisiana State,USA,27,5.7,3.2,0.6,-5.8,0.1,0.15,0.182,0.534,0.065
121,122,35.0,190.5,80.73937600000002,Santa Clara,Canada,74,15.7,3.0,9.7,5.2,0.01,0.08900000000000001,0.211,0.615,0.403
122,123,32.0,205.74,111.13004,Seton Hall,USA,41,9.3,5.2,1.1,3.3,0.084,0.18600000000000005,0.16699999999999998,0.589,0.07200000000000001
123,124,39.0,218.44,120.20188,Georgetown,Congo,80,4.0,5.3,0.1,10.0,0.147,0.251,0.13,0.575,0.014
124,125,37.0,190.5,88.45044,St. John's (NY),USA,82,8.4,3.8,7.4,-6.7,0.027000000000000003,0.126,0.154,0.536,0.405
125,126,24.0,182.88,73.028312,Oregon,USA,80,11.2,2.0,3.0,4.2,0.021,0.071,0.231,0.521,0.201
126,127,27.0,205.74,97.52228,Kentucky,USA,82,14.3,5.2,2.8,6.1,0.057,0.114,0.19,0.534,0.127
127,128,25.0,198.12,97.52228,Bradley,USA,16,3.6,1.7,0.6,-7.3,0.03,0.119,0.162,0.461,0.083
128,129,33.0,203.2,113.398,Connecticut,USA,58,9.7,5.3,1.7,-1.2,0.043,0.194,0.203,0.544,0.121
129,130,26.0,213.36,117.93392,Georgia Tech,USA,20,11.3,5.6,0.9,2.2,0.077,0.156,0.192,0.5579999999999999,0.051
130,131,23.0,205.74,103.872568,None,Serbia and Montenegro,74,11.9,3.7,1.4,3.3,0.046,0.124,0.213,0.56,0.099
131,132,23.0,182.88,92.98636,Villanova,USA,77,7.6,2.5,3.6,-4.5,0.018000000000000002,0.12,0.18,0.547,0.268
132,133,32.0,200.66,92.98636,None,USA,41,12.1,3.2,0.6,4.6,0.016,0.124,0.219,0.5660000000000001,0.045
133,134,29.0,231.14,137.438376,None,USA,30,3.5,2.3,0.3,4.8,0.103,0.163,0.202,0.4920000000000001,0.056
134,135,24.0,210.82,102.0582,Duquesne,USA,2,0.0,2.0,0.0,-39.9,0.188,0.2,0.213,0.0,0.0
135,136,25.0,190.5,88.45044,Iowa State,USA,73,7.8,3.6,7.5,3.1,0.03,0.099,0.158,0.468,0.378
136,137,25.0,200.66,92.98636,North Carolina,USA,37,3.3,1.8,0.7,-7.5,0.034,0.151,0.117,0.583,0.1
137,138,32.0,208.28,131.088088,None,USA,66,8.1,4.2,0.9,-5.8,0.086,0.251,0.26,0.526,0.114
138,139,27.0,213.36,120.20188,Ohio State,USA,78,6.8,5.4,0.4,-7.1,0.122,0.19,0.155,0.54,0.034
139,140,34.0,210.82,104.32616,North Carolina,USA,66,12.0,7.4,1.4,1.3,0.031,0.239,0.18600000000000005,0.52,0.07
140,141,33.0,210.82,104.32616,Iowa,USA,9,2.1,1.3,0.6,-17.0,0.031,0.108,0.122,0.426,0.08800000000000001
141,142,31.0,205.74,112.490816,Wake Forest,Lithuania,77,7.4,2.9,1.2,-5.4,0.058,0.121,0.172,0.57,0.101
142,143,22.0,200.66,102.0582,Virginia,USA,61,12.3,4.4,1.8,-5.7,0.02,0.113,0.174,0.516,0.079
143,144,27.0,195.58,83.91452,Villanova,USA,82,11.8,3.4,5.7,-0.9,0.022,0.08900000000000001,0.183,0.47,0.262
144,145,27.0,208.28,115.66596,Villanova,USA,36,5.4,2.8,0.5,-4.9,0.08800000000000001,0.13699999999999998,0.18600000000000005,0.512,0.062
145,146,23.0,210.82,121.562656,None,Brazil,1,0.0,0.0,0.0,-96.1,0.0,0.0,0.5,0.0,0.0
146,147,21.0,190.5,79.83219199999998,None,Brazil,70,7.9,1.8,2.4,-4.0,0.018000000000000002,0.075,0.183,0.5529999999999999,0.175
147,148,20.0,213.36,111.13004,Washington,USA,71,4.7,3.2,0.6,-4.4,0.087,0.205,0.191,0.486,0.076
148,149,22.0,195.58,83.46092800000002,None,USA,14,5.1,1.1,0.7,-6.0,0.014,0.063,0.154,0.5670000000000001,0.063
149,150,25.0,205.74,108.86208,None,USA,77,16.5,8.5,3.3,1.8,0.061,0.233,0.249,0.54,0.168
150,151,25.0,185.42,79.3786,Connecticut,USA,53,4.1,1.2,1.3,2.7,0.019,0.122,0.224,0.5329999999999999,0.2
151,152,26.0,198.12,93.893544,Arizona,USA,82,17.1,6.5,5.8,-4.3,0.03,0.168,0.218,0.535,0.238
152,153,22.0,182.88,79.3786,Wake Forest,USA,43,2.3,1.1,1.8,-4.4,0.018000000000000002,0.101,0.159,0.406,0.268
153,154,28.0,187.96,90.7184,Utah,USA,82,14.8,4.5,6.1,2.5,0.051,0.097,0.206,0.541,0.28300000000000003
154,155,32.0,213.36,124.7378,Clemson,USA,78,13.1,7.8,1.3,4.3,0.076,0.218,0.23,0.505,0.08
155,156,33.0,218.44,127.00576,Kansas,USA,60,2.4,3.8,1.0,-9.4,0.125,0.211,0.112,0.503,0.122
156,157,22.0,208.28,111.13004,None,USA,80,26.0,8.9,1.6,10.8,0.08800000000000001,0.177,0.28600000000000003,0.617,0.075
157,158,26.0,205.74,99.79024,Duke,United Kingdom,82,17.4,5.8,2.8,8.3,0.043,0.126,0.208,0.5489999999999999,0.119
158,159,26.0,210.82,102.0582,Massachusetts,USA,59,10.2,7.8,0.8,4.8,0.136,0.209,0.193,0.529,0.053
159,160,22.0,200.66,99.79024,None,USA,5,1.8,1.0,0.4,-27.6,0.0,0.14300000000000002,0.115,0.414,0.067
160,161,33.0,203.2,99.79024,Providence,USA,28,3.3,1.8,0.5,-6.5,0.034,0.141,0.14400000000000002,0.496,0.065
161,162,29.0,195.58,95.25431999999999,None,Croatia,37,10.6,1.9,1.7,-6.3,0.02,0.073,0.23,0.482,0.128
162,163,27.0,193.04,86.636072,Purdue,USA,59,7.5,2.3,1.7,-1.0,0.017,0.092,0.16,0.5479999999999999,0.118
163,164,22.0,208.28,97.52228,Louisville,USA,14,3.9,3.4,0.4,-6.8,0.091,0.19,0.16399999999999998,0.516,0.052000000000000005
164,165,21.0,213.36,99.336648,None,USA,78,7.4,3.1,0.8,-1.6,0.045,0.119,0.17600000000000002,0.5379999999999999,0.064
165,166,26.0,195.58,83.46092800000002,Saint Louis,USA,61,22.0,6.3,4.7,2.8,0.034,0.151,0.264,0.523,0.214
166,167,23.0,210.82,109.76926399999999,None,USA,72,19.0,10.5,1.6,1.7,0.08199999999999999,0.225,0.251,0.521,0.079
167,168,23.0,210.82,108.86208,Kansas,USA,26,2.2,1.8,0.1,-6.5,0.08900000000000001,0.219,0.157,0.5920000000000001,0.034
168,169,24.0,198.12,88.45044,St. John's (NY),Dominican Republic,47,9.3,3.5,1.3,-9.1,0.065,0.097,0.196,0.498,0.093
169,170,22.0,210.82,103.418976,Kentucky,USA,67,11.1,8.1,1.8,-11.0,0.085,0.22,0.189,0.544,0.107
170,171,23.0,187.96,86.18248,Louisville,USA,74,5.5,3.1,1.8,-0.2,0.034,0.162,0.172,0.466,0.16399999999999998
171,172,21.0,208.28,104.32616,Villanova,USA,77,11.0,3.7,1.2,-4.9,0.069,0.118,0.227,0.5379999999999999,0.092
172,173,35.0,203.2,102.0582,Florida State,USA,69,8.8,3.6,3.0,-10.4,0.04,0.123,0.192,0.466,0.187
173,174,24.0,213.36,121.562656,North Carolina,USA,77,7.0,5.0,0.6,-2.7,0.133,0.159,0.17,0.547,0.051
174,175,35.0,203.2,98.883056,Miami (FL),USA,48,3.7,1.0,0.3,-4.8,0.018000000000000002,0.099,0.163,0.58,0.054000000000000006
175,176,36.0,195.58,88.45044,Michigan,USA,79,14.2,1.8,2.3,2.3,0.01,0.066,0.246,0.529,0.145
176,177,26.0,208.28,102.0582,None,Great Britain,51,2.6,2.3,0.3,-12.3,0.08800000000000001,0.19,0.165,0.435,0.05
177,178,29.0,185.42,79.3786,Ohio State,USA,1,0.0,0.0,0.0,-64.2,0.0,0.0,0.4,0.0,0.0
178,179,31.0,200.66,115.66596,Drexel,USA,72,4.4,3.6,0.9,-12.9,0.08800000000000001,0.204,0.17,0.466,0.099
179,180,25.0,193.04,86.18248,Seton Hall,USA,73,6.4,1.3,2.2,-0.5,0.016,0.08800000000000001,0.233,0.524,0.261
180,181,28.0,195.58,85.728888,North Carolina State,USA,26,2.1,1.2,1.1,-7.0,0.021,0.11,0.16699999999999998,0.38,0.199
181,182,20.0,198.12,98.883056,Duke,USA,77,8.4,3.9,0.8,-1.6,0.101,0.14400000000000002,0.224,0.5529999999999999,0.071
182,183,27.0,190.5,87.543256,Texas,Canada,82,6.5,3.4,3.9,5.2,0.019,0.111,0.134,0.474,0.208
183,184,27.0,195.58,92.98636,Eastern Washington,USA,76,11.5,2.8,3.6,-7.4,0.022,0.094,0.21,0.505,0.208
184,185,24.0,203.2,102.0582,Duke,USA,80,21.4,9.0,7.3,6.9,0.049,0.232,0.28300000000000003,0.556,0.35600000000000004
185,186,35.0,200.66,102.0582,Wisconsin,USA,82,10.1,3.1,1.4,5.7,0.015,0.12,0.188,0.519,0.084
186,187,24.0,213.36,114.305184,Nevada,USA,61,11.3,7.8,0.5,-9.5,0.118,0.225,0.206,0.552,0.035
187,188,29.0,205.74,108.86208,Xavier,USA,81,19.0,7.5,3.0,-2.4,0.065,0.177,0.241,0.56,0.135
188,189,29.0,198.12,97.52228,Ohio State,USA,33,21.2,3.2,2.7,3.9,0.024,0.087,0.255,0.5660000000000001,0.121
189,190,28.0,198.12,97.52228,North Carolina,USA,81,11.7,4.2,2.0,9.9,0.027000000000000003,0.138,0.175,0.596,0.101
190,191,26.0,205.74,102.0582,Nevada,USA,63,4.1,1.8,0.4,-5.1,0.017,0.131,0.125,0.639,0.044
191,192,24.0,190.5,81.64656,Rhode Island,USA,14,5.7,2.2,1.6,-9.5,0.013,0.14400000000000002,0.172,0.481,0.136
192,193,24.0,203.2,97.52228,Miami (FL),USA,75,4.9,2.3,0.8,2.5,0.036000000000000004,0.121,0.14300000000000002,0.537,0.077
193,194,30.0,210.82,119.294696,None,Turkey,72,17.0,7.7,1.7,3.2,0.062,0.213,0.218,0.5920000000000001,0.078
194,195,24.0,205.74,99.79024,Duke,United Kingdom,49,14.1,6.0,1.9,-0.8,0.054000000000000006,0.145,0.199,0.511,0.09
195,196,34.0,210.82,115.66596,New Orleans,USA,81,2.6,5.8,0.3,1.7,0.104,0.219,0.079,0.468,0.024
196,197,24.0,208.28,104.32616,Iowa State,USA,14,1.6,1.1,0.6,-32.3,0.054000000000000006,0.128,0.193,0.325,0.174
197,198,25.0,193.04,94.800728,None,USA,70,7.9,4.7,1.5,-5.8,0.05,0.142,0.153,0.542,0.094
198,199,24.0,177.8,78.471416,Seton Hall,USA,19,4.6,1.3,2.7,-4.7,0.032,0.071,0.188,0.398,0.28
199,200,24.0,203.2,102.511792,Xavier,USA,30,6.2,4.3,0.8,-22.0,0.079,0.204,0.196,0.479,0.085
200,201,26.0,203.2,102.511792,Butler,USA,80,19.7,5.0,3.7,1.0,0.025,0.135,0.256,0.5589999999999999,0.181
201,202,21.0,210.82,121.109064,Kentucky,Turkey,70,7.2,4.3,0.4,3.7,0.147,0.17600000000000002,0.211,0.588,0.05
202,203,26.0,193.04,86.18248,Wingate,USA,29,5.2,2.3,3.1,-2.5,0.028,0.124,0.173,0.483,0.246
203,204,32.0,195.58,95.25431999999999,Iowa State,USA,5,2.0,0.8,0.4,-7.3,0.0,0.1,0.19,0.455,0.118
204,205,28.0,200.66,103.418976,UCLA,USA,80,10.1,3.4,0.9,-3.5,0.039,0.134,0.197,0.555,0.067
205,206,23.0,195.58,99.79024,Texas,USA,10,2.1,0.4,0.4,-6.1,0.06,0.026,0.198,0.506,0.154
206,207,31.0,187.96,86.18248,Southern California,USA,29,8.9,1.4,5.8,-7.6,0.011,0.055,0.217,0.49,0.3670000000000001
207,208,29.0,205.74,113.398,Maryland,USA,79,7.2,6.5,0.3,-6.2,0.119,0.172,0.139,0.523,0.018000000000000002
208,209,27.0,190.5,90.7184,Arkansas,USA,59,3.2,1.5,1.7,2.4,0.045,0.104,0.16,0.516,0.21
209,210,31.0,210.82,106.59412,Georgia Tech,USA,44,21.1,7.0,2.2,-2.2,0.036000000000000004,0.201,0.29,0.5479999999999999,0.121
210,211,33.0,203.2,108.86208,Creighton,USA,79,8.9,3.1,1.1,0.9,0.027000000000000003,0.109,0.14400000000000002,0.6629999999999999,0.076
211,212,38.0,208.28,122.46984,Syracuse,USA,5,1.8,3.0,0.0,-26.8,0.073,0.3,0.16,0.294,0.0
212,213,27.0,198.12,97.52228,North Carolina,USA,68,9.1,3.4,1.5,9.8,0.017,0.13,0.165,0.58,0.092
213,214,27.0,205.74,95.25431999999999,Cincinnati,USA,39,3.5,1.5,0.4,-6.1,0.025,0.122,0.188,0.414,0.068
214,215,27.0,200.66,92.98636,North Carolina,USA,62,11.3,2.5,1.5,0.6,0.015,0.07200000000000001,0.153,0.615,0.081
215,216,24.0,200.66,88.45044,Iowa,USA,79,14.4,4.5,3.3,-2.9,0.036000000000000004,0.127,0.228,0.5329999999999999,0.188
216,217,31.0,205.74,102.0582,Nevada-Las Vegas,USA,19,2.0,2.9,0.3,-4.4,0.166,0.17600000000000002,0.139,0.446,0.057
217,218,34.0,205.74,108.86208,Cincinnati,USA,42,5.2,4.3,0.4,1.4,0.061,0.174,0.13699999999999998,0.445,0.031
218,219,24.0,200.66,107.047712,California,USA,74,7.4,3.1,0.8,-1.4,0.071,0.138,0.209,0.52,0.077
219,220,32.0,205.74,104.32616,Connecticut,USA,65,11.5,6.6,1.2,1.7,0.064,0.224,0.188,0.591,0.083
220,221,24.0,187.96,86.18248,Oakland,USA,60,15.5,2.7,3.4,1.9,0.01,0.078,0.231,0.54,0.185
221,222,28.0,190.5,86.18248,Memphis,USA,64,18.0,3.8,4.4,-3.9,0.034,0.092,0.256,0.53,0.21600000000000005
222,223,27.0,208.28,129.27372,Wright State,Ukraine,79,4.6,4.4,0.4,-1.0,0.132,0.154,0.141,0.513,0.038
223,224,22.0,205.74,117.026736,Duke,USA,75,15.5,11.4,2.0,0.5,0.099,0.268,0.198,0.5670000000000001,0.098
224,225,29.0,203.2,98.429464,Michigan,USA,83,20.4,4.5,4.3,-2.1,0.016,0.117,0.26,0.528,0.203
225,226,30.0,198.12,113.398,Kentucky,USA,74,2.7,4.0,1.5,-2.2,0.105,0.177,0.095,0.469,0.135
226,227,26.0,208.28,107.047712,Duke,USA,6,2.3,2.3,0.2,11.1,0.13699999999999998,0.152,0.193,0.371,0.031
227,228,26.0,195.58,97.52228,Colorado,USA,62,20.5,3.5,6.8,0.9,0.015,0.085,0.287,0.5379999999999999,0.345
228,229,26.0,185.42,86.18248,Virginia,USA,36,7.3,2.1,3.3,-1.1,0.01,0.102,0.2,0.467,0.275
229,230,30.0,193.04,92.98636,Bowling Green,USA,75,11.2,2.3,4.1,4.2,0.012,0.08900000000000001,0.189,0.557,0.261
230,231,33.0,198.12,97.52228,Arizona,USA,76,7.6,4.0,3.4,13.4,0.03,0.131,0.113,0.624,0.16899999999999998
231,232,23.0,210.82,108.86208,None,Czech Republic,51,2.5,2.4,0.5,-3.1,0.084,0.151,0.122,0.48,0.069
232,233,24.0,187.96,81.64656,Tennessee,USA,32,3.7,1.0,1.1,1.9,0.036000000000000004,0.055,0.153,0.519,0.139
233,234,24.0,205.74,103.418976,New Mexico,USA,82,13.9,4.6,1.4,-3.2,0.047,0.114,0.182,0.573,0.07
234,235,23.0,213.36,115.66596,None,Lithuania,80,12.0,8.7,0.5,-0.7,0.121,0.254,0.193,0.623,0.031
235,236,35.0,200.66,116.573144,Louisiana Tech,USA,42,11.8,5.8,1.6,11.5,0.083,0.153,0.198,0.598,0.09
236,237,22.0,205.74,113.398,Florida State,Canada,12,3.5,0.9,0.2,0.8,0.017,0.159,0.242,0.614,0.05
237,238,22.0,182.88,79.3786,Wake Forest,USA,64,17.3,4.4,8.9,-1.6,0.026,0.117,0.227,0.537,0.397
238,239,25.0,213.36,117.93392,Stanford,USA,78,5.9,5.1,2.0,6.8,0.077,0.13699999999999998,0.12,0.4970000000000001,0.105
239,240,34.0,193.04,90.7184,North Carolina State,USA,65,3.9,1.3,1.9,-2.1,0.014,0.091,0.13699999999999998,0.501,0.213
240,241,27.0,200.66,102.0582,None,Argentina,53,14.1,5.7,1.1,2.5,0.034,0.21,0.241,0.578,0.073
241,242,30.0,203.2,90.7184,Meridian Community College,USA,61,4.9,3.1,0.8,7.5,0.03,0.175,0.129,0.555,0.073
242,243,27.0,187.96,91.625584,Florida International,Puerto Rico,72,7.7,1.9,2.8,1.4,0.03,0.096,0.23,0.501,0.28600000000000003
243,244,23.0,215.9,136.0776,Florida A&M,USA,16,1.5,1.1,0.1,-20.5,0.118,0.268,0.338,0.41,0.053
244,245,28.0,208.28,108.86208,Duke,USA,17,4.2,2.6,1.9,6.1,0.03,0.159,0.132,0.613,0.168
245,246,30.0,203.2,106.59412,Florida,USA,78,9.9,8.1,0.7,3.1,0.092,0.252,0.172,0.5379999999999999,0.042
246,247,34.0,213.36,113.398,Virginia,USA,48,7.7,8.9,0.9,-3.0,0.13699999999999998,0.196,0.139,0.461,0.047
247,248,30.0,200.66,97.975872,Arizona,USA,20,16.1,6.2,2.4,-6.3,0.071,0.138,0.229,0.489,0.121
248,249,23.0,208.28,113.398,Utah,USA,42,21.8,8.5,1.5,-4.1,0.076,0.18,0.28300000000000003,0.519,0.08199999999999999
249,250,30.0,185.42,83.91452,Oklahoma,USA,78,17.4,5.3,5.9,10.5,0.046,0.114,0.221,0.5479999999999999,0.272
250,251,21.0,208.28,103.872568,Maryland,USA,65,8.6,4.7,0.8,-4.7,0.102,0.159,0.192,0.557,0.067
251,252,22.0,195.58,90.7184,Auburn,USA,19,1.6,0.4,0.6,-15.7,0.01,0.08800000000000001,0.16699999999999998,0.387,0.179
252,253,34.0,193.04,92.98636,Bowling Green,USA,74,4.1,1.0,2.4,-11.7,0.006,0.093,0.16399999999999998,0.536,0.3
253,254,20.0,205.74,95.25431999999999,None,USA,59,5.4,2.1,0.6,-5.4,0.063,0.109,0.197,0.532,0.078
254,255,27.0,210.82,108.86208,Louisiana State,USA,31,2.1,1.0,0.4,-12.6,0.065,0.127,0.224,0.406,0.133
255,256,22.0,193.04,86.18248,Wingate,USA,82,5.1,3.0,3.4,-8.8,0.025,0.129,0.152,0.405,0.234
256,257,21.0,200.66,102.0582,California,USA,70,14.5,4.9,1.6,7.7,0.03,0.124,0.208,0.562,0.081
257,258,28.0,200.66,98.883056,Connecticut,USA,32,6.6,3.7,1.4,-1.4,0.048,0.145,0.155,0.468,0.111
258,259,25.0,218.44,117.93392,Georgetown,USA,65,12.8,8.8,1.7,5.4,0.128,0.204,0.212,0.539,0.093
259,260,27.0,213.36,108.86208,Indiana,USA,56,11.0,7.0,1.5,-8.2,0.108,0.195,0.202,0.5710000000000001,0.109
260,261,25.0,208.28,113.398,Kentucky,USA,35,4.6,3.7,0.2,-12.3,0.111,0.202,0.201,0.452,0.024
261,262,28.0,203.2,106.59412,Oklahoma,Mexico,68,5.2,3.6,1.0,2.8,0.092,0.14,0.158,0.489,0.084
262,263,30.0,201.0,86.0,Virginia Military Institute,USA,6,4.5,1.0,0.7,-20.2,0.022,0.062,0.132,0.518,0.087
263,264,23.0,205.74,124.7378,Le Moyne,France,79,9.1,4.4,0.7,-6.2,0.069,0.156,0.236,0.478,0.063
264,265,28.0,208.28,108.86208,California,USA,66,17.0,6.0,1.1,-1.2,0.069,0.153,0.242,0.546,0.059
265,266,33.0,205.74,115.66596,Stanford,USA,19,0.3,0.9,0.2,0.2,0.084,0.077,0.068,0.19,0.044
266,267,33.0,200.66,103.418976,Connecticut,USA,78,10.4,2.9,1.0,6.4,0.026,0.118,0.202,0.535,0.063
267,268,25.0,205.74,117.026736,Illinois,USA,81,7.9,3.4,0.9,3.5,0.068,0.14800000000000002,0.183,0.578,0.079
268,269,33.0,198.12,90.7184,California-Santa Barbara,USA,1,0.0,1.0,1.0,-31.2,0.0,0.25,0.154,0.0,0.333
269,270,29.0,195.58,95.25431999999999,Georgia Tech,USA,74,10.7,2.6,0.8,4.4,0.024,0.09,0.16399999999999998,0.604,0.05
270,271,24.0,210.82,118.841104,Utah,USA,77,6.4,3.5,0.8,3.4,0.055,0.171,0.196,0.443,0.077
271,272,27.0,205.74,115.66596,Louisville,USA,67,4.4,5.5,1.0,-2.7,0.1,0.224,0.13699999999999998,0.465,0.08
272,273,26.0,210.82,111.13004,Connecticut,USA,66,6.6,5.2,0.9,-1.0,0.086,0.16399999999999998,0.129,0.5770000000000001,0.053
273,274,27.0,210.82,112.944408,Duke,USA,61,5.1,3.8,0.3,-4.5,0.121,0.174,0.154,0.606,0.03
274,275,25.0,208.28,111.13004,Florida,Dominican Republic,77,15.3,9.3,3.5,0.2,0.081,0.233,0.199,0.5870000000000001,0.16899999999999998
275,276,24.0,205.74,111.13004,North Carolina-Charlotte,USA,5,1.2,1.4,0.0,-0.3,0.097,0.105,0.154,0.333,0.0
276,277,29.0,213.36,118.38751200000002,Purdue,USA,56,15.6,9.3,3.9,4.9,0.077,0.198,0.175,0.596,0.16
277,278,22.0,203.2,104.32616,West Virginia,USA,59,4.7,1.9,0.7,-3.1,0.068,0.125,0.201,0.494,0.094
278,279,24.0,187.96,82.10015200000002,Syracuse,USA,10,2.6,1.3,1.2,5.0,0.058,0.123,0.161,0.601,0.231
279,280,27.0,180.34,74.84268,Gonzaga,USA,3,3.3,0.0,0.0,-46.3,0.0,0.0,0.25,1.05,0.0
280,281,23.0,198.12,102.0582,Michigan State,USA,78,18.7,6.7,2.9,-0.3,0.047,0.151,0.256,0.504,0.14300000000000002
281,282,29.0,193.04,97.52228,Texas,USA,25,1.6,0.6,0.3,-8.9,0.014,0.099,0.13,0.527,0.077
282,283,32.0,203.2,104.32616,Maryland,USA,48,9.4,3.4,1.4,-4.1,0.038,0.129,0.195,0.5379999999999999,0.107
283,284,31.0,187.96,79.3786,Tennessee,USA,57,10.0,2.9,3.6,-0.6,0.014,0.113,0.185,0.581,0.229
284,285,28.0,195.58,86.18248,Syracuse,USA,40,6.7,3.4,2.5,-0.3,0.052000000000000005,0.128,0.172,0.52,0.205
285,286,30.0,208.28,112.037224,North Carolina,USA,79,4.9,2.7,0.6,1.2,0.078,0.14800000000000002,0.179,0.517,0.078
286,287,29.0,195.58,81.64656,Villanova,USA,65,13.0,3.9,2.6,5.4,0.03,0.117,0.191,0.55,0.15
287,288,29.0,203.2,101.151016,None,USA,66,21.6,5.1,5.9,5.7,0.019,0.134,0.303,0.487,0.294
288,289,23.0,213.36,102.0582,None,Georgia,17,2.1,1.3,0.2,-13.3,0.087,0.131,0.219,0.417,0.057
289,290,21.0,205.74,99.79024,Arizona,USA,80,12.7,5.1,1.9,-2.8,0.054000000000000006,0.141,0.2,0.53,0.097
290,291,25.0,200.66,99.79024,Iowa,USA,57,3.4,2.0,0.5,-2.4,0.093,0.083,0.117,0.585,0.068
291,292,25.0,190.5,86.18248,Memphis,USA,10,15.9,3.2,4.3,-3.3,0.031,0.076,0.295,0.446,0.257
292,293,34.0,185.42,81.64656,Fayetteville State,USA,82,12.4,3.9,5.5,3.2,0.033,0.097,0.17800000000000002,0.5529999999999999,0.249
293,294,31.0,190.5,85.275296,Indiana Purdue-Indianapolis,USA,49,16.9,3.4,4.2,8.6,0.017,0.105,0.236,0.599,0.227
294,295,32.0,195.58,88.904032,None,Serbia,15,3.2,1.1,2.1,5.4,0.021,0.084,0.171,0.557,0.26
295,296,35.0,195.58,95.25431999999999,Georgia Southern,USA,70,2.9,1.2,0.8,-6.0,0.021,0.06,0.111,0.46,0.083
296,297,28.0,205.74,106.59412,Indiana,USA,73,10.5,5.6,0.7,-8.8,0.109,0.147,0.224,0.487,0.05
297,298,30.0,210.82,124.7378,Iowa State,USA,62,7.0,6.7,0.6,2.7,0.077,0.221,0.122,0.6,0.039
298,299,26.0,203.2,111.13004,Missouri,Lithuania,39,11.2,4.5,1.0,-4.9,0.042,0.163,0.214,0.502,0.06
299,300,26.0,185.42,90.7184,Arkansas-Little Rock,USA,20,11.5,3.0,4.4,11.1,0.008,0.08900000000000001,0.153,0.534,0.181
300,301,28.0,205.74,113.398,Michigan,USA,81,18.0,7.1,2.8,-1.4,0.067,0.156,0.246,0.527,0.135
301,302,29.0,195.58,99.79024,Portland State,USA,75,8.4,3.7,1.5,-3.6,0.054000000000000006,0.111,0.13699999999999998,0.569,0.085
302,303,35.0,187.96,88.45044,Connecticut,USA,40,1.8,0.5,1.0,8.5,0.015,0.062,0.118,0.463,0.177
303,304,30.0,213.36,120.20188,Central Michigan,USA,47,13.1,7.7,2.1,-2.6,0.08,0.231,0.265,0.478,0.134
304,305,26.0,193.04,102.511792,Baylor,USA,63,6.1,5.3,2.6,6.1,0.013,0.158,0.09,0.5820000000000001,0.115
305,306,23.0,208.28,113.851592,Oklahoma,USA,66,20.7,10.9,3.2,6.9,0.107,0.244,0.266,0.557,0.156
306,307,35.0,203.2,111.13004,Iowa,USA,47,3.7,6.4,0.7,-4.4,0.149,0.32299999999999995,0.129,0.49,0.065
307,308,25.0,208.28,120.20188,Georgia Tech,USA,50,9.5,6.1,1.1,2.8,0.092,0.205,0.208,0.512,0.079
308,309,22.0,215.9,111.13004,None,USA,8,1.8,2.3,0.1,-16.9,0.07400000000000001,0.154,0.123,0.391,0.014
309,310,24.0,203.2,106.140528,Texas A&M,USA,79,18.2,3.8,4.2,-0.1,0.018000000000000002,0.103,0.229,0.56,0.183
310,311,26.0,205.74,112.490816,Purdue,USA,80,16.8,5.9,0.8,-2.9,0.086,0.136,0.227,0.6,0.048
311,312,25.0,200.66,86.18248,Fresno State,USA,1,5.0,2.0,0.0,21.5,0.0,0.091,0.171,0.23,0.0
312,313,28.0,205.74,102.0582,Xavier,USA,81,7.6,5.0,0.7,2.2,0.122,0.18600000000000005,0.18,0.5720000000000001,0.062
313,314,29.0,210.82,108.86208,Memphis,USA,80,9.6,7.7,1.1,1.3,0.093,0.233,0.181,0.501,0.066
314,315,20.0,203.2,97.52228,Stanford,USA,5,1.4,1.0,0.2,-31.7,0.038,0.16,0.102,0.595,0.077
315,316,26.0,210.82,104.32616,Duke,USA,16,1.6,1.1,0.5,2.6,0.01,0.168,0.147,0.408,0.116
316,317,29.0,187.96,88.45044,Jackson State,USA,82,12.7,3.0,4.0,1.9,0.014,0.085,0.165,0.5429999999999999,0.171
317,318,23.0,198.12,104.32616,Kansas,USA,82,25.3,6.4,3.1,-1.3,0.034,0.16699999999999998,0.306,0.563,0.166
318,319,29.0,213.36,122.46984,Pacific,Nigeria,43,6.5,5.7,0.6,10.3,0.104,0.18,0.192,0.446,0.041
319,320,22.0,190.5,92.98636,Connecticut,USA,53,5.9,1.9,2.6,-11.2,0.019,0.124,0.212,0.499,0.285
320,321,26.0,187.96,81.64656,Florida,USA,29,4.1,0.8,0.7,-11.5,0.022,0.066,0.206,0.487,0.124
321,322,25.0,208.28,99.79024,Iowa State,USA,41,1.8,2.1,0.3,2.0,0.099,0.161,0.123,0.428,0.042
322,323,36.0,213.36,115.66596,Arizona,USA,36,3.6,1.4,0.6,-22.7,0.01,0.158,0.174,0.524,0.1
323,324,30.0,205.74,92.98636,Alabama,USA,50,8.0,4.8,2.7,-0.2,0.067,0.127,0.16699999999999998,0.462,0.154
324,325,20.0,208.28,99.79024,Kentucky,USA,64,13.5,8.2,1.0,-5.5,0.106,0.236,0.215,0.5589999999999999,0.06
325,326,24.0,205.74,104.32616,Connecticut,USA,61,7.3,4.5,0.9,-8.6,0.098,0.21,0.222,0.478,0.08800000000000001
326,327,29.0,185.42,83.91452,Georgia,USA,1,0.0,0.0,0.0,-42.0,0.0,0.0,0.333,0.0,0.0
327,328,30.0,200.66,110.676448,Miami (OH),USA,32,15.0,3.1,1.7,-3.4,0.021,0.111,0.249,0.54,0.107
328,329,26.0,205.74,100.243832,None,Slovenia,76,9.2,3.3,0.8,0.2,0.021,0.171,0.193,0.614,0.07200000000000001
329,330,22.0,203.2,95.25431999999999,Syracuse,USA,77,9.7,4.7,1.8,-9.1,0.051,0.139,0.183,0.506,0.106
330,331,24.0,200.66,106.59412,Purdue,USA,80,21.1,6.3,3.1,-2.9,0.051,0.14400000000000002,0.278,0.528,0.146
331,332,24.0,208.28,108.86208,Duke,USA,9,0.9,1.2,0.3,25.3,0.36,0.087,0.238,0.28600000000000003,0.13
332,333,35.0,205.74,115.66596,Baylor,USA,2,0.0,0.0,0.0,-95.6,0.0,0.0,0.0,0.0,0.0
333,334,27.0,210.82,108.86208,Duke,USA,56,3.0,3.3,0.6,-6.2,0.079,0.191,0.107,0.521,0.068
334,335,23.0,200.66,102.0582,Baylor,USA,63,2.7,3.4,0.4,-7.8,0.092,0.19,0.101,0.52,0.051
335,336,23.0,205.74,106.59412,Kansas,USA,80,9.1,4.3,0.7,2.0,0.08199999999999999,0.16699999999999998,0.21600000000000005,0.534,0.056
336,337,24.0,205.74,97.975872,None,USA,17,1.9,1.9,0.3,-23.8,0.14,0.299,0.238,0.397,0.119
337,338,32.0,203.2,113.398,Murray State,USA,79,7.0,7.3,1.6,1.5,0.13699999999999998,0.211,0.156,0.49,0.103
338,339,34.0,198.12,90.7184,Oklahoma,USA,27,2.8,1.0,0.4,-2.2,0.049,0.094,0.151,0.586,0.078
339,340,27.0,193.04,95.25431999999999,Kentucky,USA,60,11.1,1.7,1.3,-3.8,0.009000000000000001,0.071,0.202,0.5479999999999999,0.091
340,341,23.0,200.66,83.91452,Western Carolina,USA,72,10.8,3.6,1.3,0.8,0.036000000000000004,0.122,0.172,0.604,0.085
341,342,36.0,205.74,117.93392,Nevada-Las Vegas,USA,50,6.7,4.2,0.8,-4.7,0.104,0.203,0.234,0.486,0.106
342,343,22.0,200.66,99.79024,Georgia,USA,70,9.6,3.8,1.5,-7.2,0.037000000000000005,0.108,0.18600000000000005,0.456,0.092
343,344,31.0,203.2,99.79024,Auburn,USA,73,4.3,2.2,0.6,-7.3,0.049,0.155,0.17800000000000002,0.486,0.075
344,345,27.0,208.28,104.779752,None,USA,20,2.1,3.0,0.4,-16.4,0.085,0.237,0.126,0.521,0.056
345,346,24.0,195.58,99.79024,Georgia Tech,USA,74,6.7,4.2,1.7,5.2,0.048,0.14,0.142,0.48,0.097
346,347,21.0,210.82,108.86208,Gonzaga,Lithuania,81,5.9,3.6,1.0,0.2,0.032,0.16399999999999998,0.158,0.469,0.073
347,348,28.0,210.82,124.7378,Iowa State,USA,73,4.5,5.9,0.3,0.1,0.122,0.272,0.134,0.535,0.027000000000000003
348,349,27.0,187.96,81.64656,Arizona,USA,80,12.4,2.4,5.4,9.8,0.018000000000000002,0.067,0.181,0.606,0.279
349,350,27.0,198.12,88.45044,Oregon State,USA,37,11.1,3.9,3.1,-11.2,0.036000000000000004,0.111,0.18600000000000005,0.514,0.193
350,351,25.0,190.5,86.18248,None,Slovenia,70,7.5,2.0,2.9,-6.7,0.032,0.1,0.228,0.524,0.29100000000000004
351,352,31.0,165.1,60.327736,Eastern Michigan,USA,66,14.6,2.1,4.4,-5.9,0.026,0.05,0.213,0.5479999999999999,0.241
352,353,23.0,200.66,113.398,Drexel,USA,53,3.0,1.7,0.4,-6.8,0.104,0.131,0.212,0.485,0.086
353,354,33.0,195.58,99.79024,Portland State,USA,20,0.7,1.0,0.7,0.6,0.041,0.12,0.109,0.285,0.153
354,355,34.0,203.2,108.86208,Creighton,USA,46,3.5,2.9,0.7,-7.0,0.037000000000000005,0.135,0.11,0.493,0.061
355,356,24.0,200.66,97.52228,None,Switzerland,69,6.7,3.7,1.9,-2.3,0.04,0.168,0.175,0.4970000000000001,0.146
356,357,29.0,213.36,111.13004,None,Germany,78,24.6,8.9,3.4,11.1,0.054000000000000006,0.238,0.289,0.605,0.16899999999999998
357,358,22.0,200.66,111.13004,Arizona,USA,69,8.7,3.7,1.6,-0.6,0.017,0.115,0.161,0.48,0.086
358,359,30.0,208.28,113.398,Kentucky,USA,82,7.8,6.0,0.9,-6.5,0.13,0.205,0.194,0.5329999999999999,0.07400000000000001
359,360,21.0,215.9,122.46984,None,Croatia,50,3.7,3.2,0.5,-11.9,0.1,0.201,0.188,0.443,0.059
360,361,23.0,208.28,111.13004,UCLA,USA,70,4.5,3.6,0.8,-4.2,0.091,0.153,0.155,0.52,0.08199999999999999
361,362,29.0,187.96,92.98636,Nevada-Las Vegas,USA,3,2.0,0.3,1.0,17.1,0.0,0.067,0.145,0.5429999999999999,0.188
362,363,25.0,200.66,107.047712,California,USA,79,15.4,6.1,1.8,-8.2,0.077,0.14,0.223,0.5479999999999999,0.099
363,364,19.0,210.82,129.27372,None,USA,72,6.7,3.8,0.3,-11.1,0.113,0.162,0.207,0.54,0.039
364,365,23.0,213.36,100.243832,None,South Sudan,58,4.6,2.8,0.7,-7.6,0.071,0.154,0.16,0.5870000000000001,0.08800000000000001
365,366,32.0,198.12,99.79024,None,USA,53,6.4,1.8,0.7,-1.7,0.014,0.09,0.173,0.504,0.061
366,367,26.0,215.9,113.398,Maryland,Ukraine,77,11.1,5.5,1.1,-4.4,0.09,0.159,0.214,0.575,0.086
367,368,29.0,205.74,122.46984,Maryland,Nigeria,42,5.5,4.3,0.3,-5.5,0.114,0.179,0.165,0.516,0.023
368,369,25.0,205.74,108.86208,Xavier,USA,74,17.1,7.4,1.2,-4.3,0.077,0.18600000000000005,0.229,0.5539999999999999,0.07
369,370,23.0,200.66,111.13004,Arizona,USA,66,6.9,3.3,1.3,-7.9,0.025,0.142,0.18600000000000005,0.485,0.118
370,371,23.0,198.12,103.418976,Duke,USA,64,16.8,5.0,1.9,-6.7,0.043,0.13699999999999998,0.244,0.564,0.112
371,372,31.0,210.82,108.86208,Duke,USA,12,1.0,0.8,0.1,-12.6,0.08,0.13,0.12,0.475,0.03
372,373,27.0,205.74,112.490816,Purdue,USA,76,11.9,4.6,0.8,-4.5,0.094,0.112,0.207,0.555,0.052000000000000005
373,374,33.0,190.5,92.98636,Detroit Mercy,USA,52,5.9,1.5,1.3,-4.7,0.017,0.075,0.177,0.477,0.121
374,375,37.0,198.12,99.79024,North Carolina,USA,81,11.9,3.5,2.6,3.0,0.038,0.125,0.229,0.539,0.17
375,376,24.0,198.12,96.161504,Notre Dame,USA,25,9.0,2.4,0.7,2.3,0.032,0.12,0.246,0.517,0.07
376,377,25.0,198.12,84.821704,None,Russia,63,4.0,1.3,1.1,-3.6,0.033,0.099,0.213,0.452,0.162
377,378,31.0,208.28,101.604608,Providence,USA,7,1.1,0.7,0.1,-10.7,0.033,0.125,0.204,0.28800000000000003,0.045
378,379,34.0,190.5,90.7184,None,Brazil,23,2.7,1.0,2.3,-12.3,0.009000000000000001,0.116,0.171,0.417,0.311
379,380,31.0,228.6,124.7378,Brigham Young,USA,81,6.7,5.9,0.7,10.0,0.098,0.204,0.138,0.601,0.047
380,381,25.0,195.58,90.7184,UCLA,USA,1,0.0,0.0,0.0,66.7,0.0,0.0,0.192,0.0,0.0
381,382,22.0,198.12,95.25431999999999,Kentucky,USA,5,0.2,0.6,0.6,-18.6,0.0,0.2,0.142,0.102,0.375
382,383,31.0,213.36,115.66596,Stanford,USA,24,0.7,0.6,0.2,-11.0,0.052000000000000005,0.083,0.111,0.335,0.053
383,384,23.0,208.28,120.655472,None,Croatia,22,4.4,3.0,0.3,1.3,0.084,0.211,0.168,0.597,0.038
384,385,31.0,182.88,83.007336,Texas,USA,81,11.7,2.5,5.3,3.2,0.018000000000000002,0.071,0.16899999999999998,0.616,0.258
385,386,20.0,213.36,136.0776,None,Senegal,18,1.4,0.9,0.3,-1.4,0.057,0.118,0.182,0.401,0.069
386,387,33.0,190.5,81.64656,Centenary (LA),USA,34,5.9,2.6,1.1,-6.4,0.043,0.122,0.157,0.511,0.1
387,388,28.0,203.2,102.0582,DePaul,USA,78,13.9,6.1,1.7,-5.1,0.041,0.174,0.201,0.523,0.086
388,389,26.0,218.44,127.00576,Kansas,USA,48,5.7,7.3,0.5,12.6,0.105,0.198,0.11,0.523,0.027000000000000003
389,390,29.0,187.96,88.45044,Florida State,USA,12,4.3,1.8,2.0,5.0,0.015,0.13,0.187,0.45,0.214
390,391,23.0,210.82,106.59412,Connecticut,USA,65,2.7,2.5,0.4,-1.3,0.103,0.177,0.152,0.498,0.048
391,392,31.0,205.74,108.86208,Michigan,USA,37,3.4,3.9,0.3,-0.6,0.09,0.259,0.181,0.394,0.043
392,393,26.0,198.12,95.25431999999999,North Carolina,USA,80,10.5,3.1,1.8,7.8,0.02,0.103,0.168,0.6,0.095
393,394,25.0,210.82,112.490816,Arizona,USA,78,6.8,4.5,0.7,0.5,0.094,0.221,0.196,0.529,0.073
394,395,23.0,190.5,87.996848,Syracuse,Canada,54,4.1,1.8,1.9,-1.7,0.026,0.101,0.16899999999999998,0.473,0.234
395,396,36.0,208.28,106.59412,Wyoming,USA,46,1.9,2.8,0.2,-1.0,0.097,0.171,0.075,0.56,0.024
396,397,25.0,205.74,95.25431999999999,None,USA,64,7.1,6.4,1.2,0.7,0.115,0.189,0.14300000000000002,0.6,0.085
397,398,31.0,205.74,120.655472,Duke,USA,79,16.2,9.8,2.3,-2.7,0.077,0.273,0.258,0.51,0.132
398,399,29.0,182.88,79.3786,Northeastern,Puerto Rico,74,11.3,2.8,4.0,-2.0,0.021,0.119,0.25,0.51,0.301
399,400,22.0,208.28,104.32616,Tennessee,USA,39,4.1,1.4,0.2,-3.8,0.054000000000000006,0.087,0.199,0.474,0.036000000000000004
400,401,26.0,210.82,122.46984,None,USA,38,4.8,4.9,1.2,-4.9,0.081,0.203,0.14800000000000002,0.4970000000000001,0.099
401,402,30.0,190.5,86.18248,None,Slovenia,72,14.1,3.8,5.8,4.1,0.026,0.101,0.215,0.537,0.276
402,403,26.0,205.74,98.883056,North Carolina,USA,10,1.2,0.2,0.0,13.5,0.063,0.059,0.318,0.5,0.0
403,404,31.0,195.58,92.98636,Connecticut,USA,55,26.4,4.5,4.1,-1.9,0.03,0.103,0.293,0.564,0.183
404,405,25.0,190.5,86.18248,Lehigh,USA,80,23.0,3.6,3.6,1.2,0.024,0.09,0.274,0.585,0.175
405,406,29.0,208.28,104.32616,Tennessee,USA,10,2.5,1.0,0.0,-2.6,0.108,0.13,0.281,0.539,0.0
406,407,25.0,190.5,81.64656,Saint Joseph's,USA,64,11.7,3.2,3.5,15.3,0.018000000000000002,0.09,0.168,0.5589999999999999,0.162
407,408,34.0,195.58,95.25431999999999,American International,USA,73,8.4,2.1,3.0,-0.6,0.024,0.069,0.145,0.575,0.173
408,409,23.0,205.74,99.79024,Utah,USA,70,18.7,5.5,2.5,-1.3,0.025,0.127,0.233,0.546,0.113
409,410,26.0,200.66,97.52228,Nevada-Las Vegas,USA,79,19.0,9.3,2.7,-2.9,0.07400000000000001,0.189,0.227,0.513,0.116
410,411,29.0,195.58,97.975872,Illinois,USA,82,21.8,6.1,4.0,-3.6,0.058,0.114,0.255,0.53,0.182
411,412,24.0,198.12,95.25431999999999,Georgia,USA,82,8.3,2.8,1.1,3.7,0.073,0.108,0.198,0.586,0.099
412,413,30.0,203.2,97.52228,North Carolina State,USA,77,5.0,2.4,0.7,2.8,0.058,0.119,0.177,0.472,0.077
413,414,21.0,203.2,108.86208,None,USA,79,31.4,7.0,6.6,4.2,0.026,0.171,0.336,0.568,0.315
414,415,31.0,198.12,99.79024,Michigan State,USA,78,7.2,2.2,1.0,0.2,0.027000000000000003,0.08900000000000001,0.16,0.525,0.07400000000000001
415,416,32.0,198.12,97.52228,Nebraska,USA,62,9.7,2.5,1.1,0.2,0.038,0.091,0.184,0.601,0.087
416,417,23.0,200.66,83.91452,UNLV,USA,29,2.6,1.7,1.0,-6.4,0.017,0.105,0.093,0.532,0.099
417,418,25.0,205.74,104.32616,UCLA,USA,43,8.0,5.8,3.0,-2.1,0.038,0.161,0.127,0.569,0.155
418,419,32.0,195.58,99.79024,Marquette,USA,69,12.2,2.5,2.3,-2.0,0.015,0.063,0.175,0.546,0.113
419,420,25.0,198.12,92.98636,Louisville,USA,12,1.1,0.0,0.3,-19.7,0.0,0.0,0.141,0.472,0.111
420,421,37.0,208.28,108.86208,Connecticut,USA,82,11.8,3.9,3.3,-2.0,0.021,0.106,0.194,0.473,0.16
421,422,33.0,213.36,115.66596,Temple,USA,31,2.5,2.7,0.2,-8.7,0.07200000000000001,0.199,0.154,0.396,0.023
422,423,22.0,203.2,95.25431999999999,Duke,USA,57,23.5,7.1,3.0,11.0,0.027000000000000003,0.16899999999999998,0.279,0.564,0.138
423,424,29.0,195.58,90.7184,Florida State,USA,78,10.0,3.3,3.5,-4.8,0.053,0.106,0.209,0.53,0.263
424,425,33.0,208.28,117.93392,Syracuse,USA,13,2.5,1.8,0.2,-19.4,0.076,0.262,0.177,0.58,0.05
425,426,36.0,195.58,97.975872,Illinois,USA,56,9.6,3.4,1.6,-9.8,0.046,0.1,0.219,0.443,0.122
426,427,27.0,228.6,119.294696,Brigham Young,USA,49,8.6,8.0,0.8,5.4,0.114,0.226,0.16399999999999998,0.527,0.051
427,428,26.0,200.66,102.965384,Arkansas,USA,81,6.2,3.2,1.7,9.8,0.036000000000000004,0.128,0.14,0.518,0.126
428,429,26.0,213.36,120.20188,Ohio State,USA,81,5.2,5.3,0.5,4.3,0.097,0.246,0.158,0.53,0.044
429,430,33.0,213.36,120.20188,Creighton,USA,14,4.5,3.8,0.2,2.5,0.106,0.246,0.147,0.581,0.024
430,431,31.0,175.26,83.91452,Washington,USA,40,12.2,1.7,3.7,-10.4,0.011,0.063,0.236,0.531,0.224
431,432,24.0,210.82,108.86208,Stanford,Canada,69,5.8,4.0,0.6,-1.0,0.091,0.214,0.182,0.557,0.077
432,433,25.0,187.96,86.18248,Utah Valley,USA,61,3.7,0.8,1.3,13.8,0.016,0.079,0.194,0.516,0.202
433,434,25.0,210.82,118.841104,Utah,USA,42,4.6,4.0,0.6,-8.7,0.08,0.208,0.158,0.468,0.056
434,435,35.0,203.2,102.0582,Duke,USA,70,13.1,5.0,2.9,8.5,0.041,0.131,0.18,0.5760000000000001,0.13
435,436,27.0,200.66,92.98636,Texas Tech,USA,23,6.2,3.7,1.7,-4.8,0.066,0.131,0.177,0.453,0.129
436,437,23.0,200.66,97.52228,Nevada-Las Vegas,USA,79,17.3,10.7,2.0,4.8,0.086,0.254,0.222,0.532,0.102
437,438,28.0,185.42,92.98636,Kentucky,USA,74,17.7,3.8,5.0,2.7,0.023,0.1,0.254,0.5820000000000001,0.246
438,439,29.0,185.42,83.91452,Minnesota,USA,81,11.1,3.1,2.0,8.6,0.05,0.105,0.232,0.537,0.157
439,440,22.0,205.74,113.398,Kentucky,USA,74,13.2,8.6,3.6,-10.2,0.07400000000000001,0.254,0.215,0.5429999999999999,0.195
440,441,26.0,190.5,86.18248,Marquette,USA,6,8.7,2.0,2.3,-13.6,0.018000000000000002,0.092,0.21,0.586,0.206
441,442,31.0,180.34,77.11064,Hofstra,USA,2,2.5,0.0,1.5,-14.1,0.0,0.0,0.267,0.317,0.375
442,443,23.0,205.74,113.398,St. Bonaventure,Canada,75,7.8,3.4,0.6,-6.9,0.063,0.172,0.221,0.557,0.062
443,444,20.0,210.82,112.490816,None,USA,56,3.7,3.4,0.7,-6.6,0.122,0.197,0.172,0.471,0.094
444,445,33.0,193.04,99.79024,Marquette,USA,60,7.6,2.5,1.5,13.0,0.013,0.07400000000000001,0.124,0.552,0.075
445,446,29.0,195.58,94.347136,Virginia,USA,45,5.6,1.9,1.4,1.7,0.036000000000000004,0.097,0.162,0.568,0.138
446,447,21.0,203.2,113.398,Duke,USA,76,14.1,5.2,1.7,-3.4,0.059,0.127,0.208,0.535,0.086
447,448,28.0,215.9,117.93392,Saint Vincent,Puerto Rico,54,4.0,2.4,0.4,2.9,0.056,0.156,0.153,0.536,0.052000000000000005
448,449,23.0,208.28,114.305184,Connecticut,USA,26,13.2,10.0,1.2,-4.0,0.118,0.228,0.21600000000000005,0.464,0.06
449,450,28.0,198.12,86.18248,Memphis,USA,43,11.5,4.6,2.9,0.6,0.026,0.13699999999999998,0.195,0.501,0.146
450,451,21.0,205.74,115.212368,None,USA,78,7.5,4.9,1.7,0.5,0.07400000000000001,0.151,0.187,0.479,0.116
451,452,25.0,175.26,83.91452,Washington,USA,72,20.3,2.9,6.3,0.2,0.021,0.07400000000000001,0.258,0.574,0.317
452,453,31.0,208.28,127.00576,Trinity Valley Community College,USA,68,6.5,3.8,1.0,-1.5,0.071,0.221,0.243,0.469,0.106
453,454,22.0,190.5,86.18248,None,France,53,4.1,1.7,2.1,-3.4,0.022,0.101,0.149,0.511,0.227
454,455,24.0,205.74,87.996848,Western Kentucky,USA,29,2.1,1.7,0.4,-9.7,0.102,0.156,0.112,0.632,0.099
455,456,25.0,210.82,108.86208,Texas,USA,81,21.8,8.8,2.1,4.1,0.103,0.171,0.258,0.5489999999999999,0.099
456,457,28.0,198.12,83.91452,Washington,USA,82,7.7,2.7,1.2,-1.7,0.018000000000000002,0.13,0.16899999999999998,0.5489999999999999,0.095
457,458,26.0,203.2,98.883056,Georgia,USA,76,7.6,5.2,0.9,-1.0,0.067,0.179,0.141,0.556,0.057
458,459,31.0,205.74,97.52228,Kentucky,USA,78,14.1,4.2,2.8,-3.8,0.036000000000000004,0.126,0.211,0.511,0.142
459,460,25.0,210.82,126.552168,Connecticut,USA,79,17.3,15.6,1.4,3.3,0.151,0.311,0.226,0.555,0.068
460,461,27.0,210.82,111.13004,Kansas,USA,69,9.3,4.8,0.8,7.7,0.085,0.142,0.168,0.578,0.05
461,462,29.0,203.2,102.0582,Duke,USA,14,16.8,8.9,4.6,1.3,0.057,0.21,0.225,0.51,0.206
462,463,24.0,205.74,115.66596,Baylor,USA,33,5.4,6.1,0.3,-6.9,0.093,0.2,0.115,0.55,0.024
463,464,31.0,210.82,108.86208,Indiana,USA,38,1.2,1.6,0.4,2.8,0.09,0.125,0.108,0.343,0.058
464,465,23.0,198.12,109.76926399999999,Arizona,USA,20,1.2,1.1,0.4,-4.9,0.028,0.162,0.177,0.342,0.129
465,466,19.0,210.82,109.76926399999999,Michigan State,USA,58,13.8,4.7,1.1,-2.3,0.049,0.132,0.231,0.591,0.07400000000000001
466,467,24.0,198.12,86.18248,Syracuse,USA,54,11.5,5.1,5.2,-3.3,0.033,0.154,0.21,0.498,0.264
467,468,23.0,205.74,104.32616,North Carolina-Charlotte,USA,72,9.0,3.0,1.7,-11.3,0.03,0.127,0.24,0.469,0.156
468,469,22.0,208.28,106.59412,Arizona,USA,47,5.2,3.7,0.4,-2.8,0.126,0.195,0.181,0.528,0.052000000000000005
469,470,27.0,203.2,107.501304,Virginia,USA,75,6.2,2.7,1.0,5.1,0.052000000000000005,0.14400000000000002,0.17600000000000002,0.575,0.106
470,471,29.0,193.04,90.7184,North Carolina,USA,62,10.5,2.1,1.1,2.7,0.013,0.087,0.179,0.565,0.07
471,472,23.0,210.82,99.79024,North Carolina,USA,70,11.1,7.1,1.6,-11.5,0.105,0.208,0.204,0.5429999999999999,0.111
472,473,27.0,185.42,92.98636,North Carolina,USA,75,15.5,3.6,8.3,2.9,0.02,0.091,0.215,0.524,0.34700000000000003
473,474,29.0,200.66,120.20188,Southern Mississippi,USA,78,7.2,5.8,1.2,3.3,0.1,0.223,0.177,0.5660000000000001,0.1
474,475,29.0,198.12,95.25431999999999,Georgetown,USA,75,5.0,1.8,0.9,1.7,0.03,0.104,0.16699999999999998,0.52,0.09
475,476,34.0,198.12,92.98636,None,Argentina,34,12.9,3.4,4.4,16.1,0.029,0.138,0.225,0.6679999999999999,0.27
476,477,25.0,213.36,112.037224,None,France,77,3.5,2.8,0.6,-6.4,0.083,0.208,0.187,0.452,0.08800000000000001
477,478,22.0,213.36,136.0776,None,Senegal,56,2.3,3.6,0.6,-4.3,0.108,0.192,0.118,0.404,0.078
478,479,23.0,200.66,122.46984,Pittsburgh,USA,64,9.5,5.5,1.2,2.1,0.129,0.16399999999999998,0.214,0.5489999999999999,0.091
479,480,24.0,198.12,96.615096,California,USA,10,3.4,1.1,0.2,21.8,0.045,0.14800000000000002,0.213,0.672,0.043
480,481,24.0,213.36,112.037224,None,France,36,3.4,3.6,0.4,0.5,0.085,0.246,0.139,0.5529999999999999,0.045
481,482,31.0,193.04,90.7184,North Carolina State,USA,54,9.5,2.8,3.4,4.0,0.009000000000000001,0.09,0.158,0.493,0.172
482,483,28.0,195.58,95.25431999999999,Southern California,USA,41,7.8,2.6,2.9,-1.2,0.013,0.094,0.16899999999999998,0.474,0.156
483,484,24.0,205.74,104.32616,North Carolina State,USA,8,0.6,0.6,0.0,-40.1,0.095,0.2,0.145,0.434,0.0
484,485,35.0,203.2,99.79024,Duke,USA,73,4.1,1.9,0.9,8.5,0.03,0.087,0.099,0.523,0.057
485,486,29.0,205.74,108.86208,Kentucky,USA,66,4.2,2.8,0.8,11.2,0.059,0.161,0.139,0.5489999999999999,0.096
486,487,25.0,200.66,88.45044,Delta State,USA,12,3.1,1.2,0.3,-16.4,0.009000000000000001,0.146,0.261,0.358,0.067
487,488,22.0,198.12,99.79024,Kansas State,USA,35,9.4,2.5,1.1,0.5,0.022,0.11,0.165,0.649,0.079
488,489,21.0,205.74,106.59412,Tennessee,USA,61,14.6,7.0,1.3,-6.5,0.052000000000000005,0.209,0.222,0.542,0.077
489,490,21.0,208.28,113.398,None,Serbia,80,10.0,7.0,2.4,1.2,0.113,0.248,0.198,0.5820000000000001,0.17600000000000002
490,491,27.0,193.04,92.98636,Bowling Green,USA,82,9.2,2.1,2.8,7.0,0.013,0.078,0.166,0.534,0.17600000000000002
491,492,26.0,185.42,75.749864,Oregon,USA,71,11.0,2.3,5.2,-3.9,0.016,0.078,0.198,0.509,0.276
492,493,23.0,195.58,90.7184,Western Kentucky,USA,41,4.6,1.7,1.6,-11.4,0.039,0.08800000000000001,0.155,0.486,0.156
493,494,32.0,198.12,92.98636,Pepperdine,USA,81,12.0,4.6,4.2,8.2,0.029,0.114,0.157,0.578,0.16899999999999998
494,495,28.0,205.74,102.0582,Nevada-Las Vegas,USA,46,4.3,4.0,0.4,-5.5,0.121,0.162,0.155,0.452,0.039
495,496,28.0,200.66,103.418976,Nevada-Las Vegas,USA,81,21.8,11.8,1.8,7.1,0.086,0.238,0.222,0.591,0.068
496,497,28.0,200.66,107.047712,California,USA,78,12.8,4.4,1.6,-4.9,0.054000000000000006,0.124,0.233,0.49,0.099
497,498,23.0,208.28,103.418976,Wisconsin,USA,46,4.7,2.6,0.5,0.2,0.087,0.162,0.174,0.536,0.07200000000000001
498,499,24.0,213.36,108.86208,DePaul,USA,69,6.1,3.9,0.2,-1.7,0.099,0.14,0.146,0.598,0.021
499,500,31.0,203.2,113.398,Tennessee State,USA,81,12.8,10.2,4.2,2.5,0.07,0.247,0.162,0.552,0.174
